{"weights": [0.1, 0.30000000000000004, 0.2, 0.0, 0.4, -0.0], "threshold": 0.7400000000000004}